<?xml version="1.0" encoding="UTF-8"?> 
<application xmlns="http://ns.adobe.com/air/application/3.8">
	<id>com.elfin8er.csm</id>
	<versionNumber>0.0.1</versionNumber>
	<filename>CSM - Based On Scratch</filename>
	<initialWindow>
		<content>Scratch.swf</content>
		<fullScreen>true</fullScreen>
		<autoOrients>true</autoOrients>
	</initialWindow>
	<supportedProfiles>mobileDevice</supportedProfiles>
	<iPhone>
    <InfoAdditions><![CDATA[
        <key>UIDeviceFamily</key>
        <array>
            <!-- iPhone support -->
            <string>1</string>
            <string>2</string>
        </array>
    ]]></InfoAdditions>
</iPhone>
</application>